NETBLOCK;COMPANY;NUM OF IPS
103.147.153.0/24;SHINE SERVERS LLP;256
109.202.100.0/24;AS57172 network;256
109.202.101.0/24;AS57172 network;256
109.202.102.0/24;AS57172 network;256
109.202.103.0/24;AS57172 network;256
109.202.104.0/24;Global Layer network;256
109.202.106.0/24;Global Layer network;256
109.202.107.0/24;Global Layer network;256
109.202.108.0/24;AS57172 network;256
109.202.109.0/24;AS57172 network;256
109.202.110.0/24;AS57172 network;256
109.202.111.0/24;Global Layer B.V.;256
109.202.98.0/24;AS57172 network;256
109.202.99.0/24;AS57172 network;256
109.232.224.0/24;Global Layer B.V.;256
109.232.225.0/24;Global Layer B.V.;256
109.232.227.0/24;Global Layer B.V.;256
109.232.228.0/24;Global Layer B.V.;256
109.232.229.0/24;Global Layer B.V.;256
109.232.230.0/24;Global Layer B.V.;256
109.232.231.0/24;Global Layer B.V.;256
134.19.176.0/24;Global Layer B.V.;256
134.19.177.0/24;Global Layer B.V.;256
134.19.178.0/24;Lvpshosting.com IP space;256
134.19.179.0/24;AS57172 network;256
134.19.180.0/24;Global Layer B.V.;256
134.19.181.0/24;Global Layer B.V.;256
134.19.182.0/24;Flexuro BVBA;256
134.19.183.0/24;CDN - Global Layer - AMSTERDAM (NL POP);256
134.19.184.0/24;Global Layer B.V.;256
134.19.185.0/24;Global Layer B.V.;256
134.19.186.0/24;Global Layer B.V.;256
134.19.187.0/24;Global Layer B.V.;256
134.19.188.0/24;Global Layer B.V.;256
134.19.189.0/24;Global Layer B.V.;256
134.19.190.0/23;Global Layer B.V.;512
141.98.87.0/24;TrafficTransitSolution LLC;256
159.48.54.0/24;Packethub S.A.;256
176.119.195.0/24;IT MBuechele UG (haftungsbeschraenkt);256
178.159.100.0/24;QUALITYNETWORK;256
178.159.107.0/24;FINE GROUP SERVERS SOLUTIONS LLC;256
178.20.213.0/24;FINE GROUP SERVERS SOLUTIONS LLC;256
178.20.214.0/24;FINE GROUP SERVERS SOLUTIONS LLC;256
178.20.215.0/24;FINE GROUP SERVERS SOLUTIONS LLC;256
178.20.28.0/24;FINE GROUP SERVERS SOLUTIONS LLC;256
178.20.29.0/24;FINE GROUP SERVERS SOLUTIONS LLC;256
178.20.30.0/24;FINE GROUP SERVERS SOLUTIONS LLC;256
178.20.31.0/24;FINE GROUP SERVERS SOLUTIONS LLC;256
185.101.20.0/24;FINE GROUP SERVERS SOLUTIONS LLC;256
185.101.21.0/24;FINE GROUP SERVERS SOLUTIONS LLC;256
185.152.92.0/24;TrafficTransitSolution LLC;256
185.152.93.0/24;TrafficTransitSolution LLC;256
185.152.94.0/24;TrafficTransitSolution LLC;256
185.152.95.0/24;TrafficTransitSolution LLC;256
185.202.108.0/24;Seltell LLC;256
185.212.115.0/24;RT Telecom LLC;256
185.229.58.0/24;Packethub S.A.;256
185.23.212.0/22;Global Layer B.V.;1024
185.23.214.0/24;Global Layer B.V.;256
185.251.144.0/22;CodeZone inc.;1024
185.68.184.0/24;FINE GROUP SERVERS SOLUTIONS LLC;256
185.68.185.0/24;FINE GROUP SERVERS SOLUTIONS LLC;256
185.68.246.0/24;FINE GROUP SERVERS SOLUTIONS LLC;256
185.68.247.0/24;FINE GROUP SERVERS SOLUTIONS LLC;256
185.88.36.0/24;FINE GROUP SERVERS SOLUTIONS LLC;256
185.89.42.0/24;FINE GROUP SERVERS SOLUTIONS LLC;256
185.89.43.0/24;FINE GROUP SERVERS SOLUTIONS LLC;256
188.95.49.0/24;Global Layer B.V.;256
188.95.51.0/24;Global Layer B.V.;256
188.95.52.0/24;Global Layer B.V.;256
188.95.53.0/24;Global Layer B.V.;256
193.151.189.0/24;FINE GROUP SERVERS SOLUTIONS LLC;256
193.151.190.0/24;FINE GROUP SERVERS SOLUTIONS LLC;256
193.151.191.0/24;FINE GROUP SERVERS SOLUTIONS LLC;256
193.163.207.0/24;RT Telecom LLC;256
193.163.89.0/24;RT Telecom LLC;256
193.163.92.0/24;Seltell LLC;256
193.200.12.0/23;VVT LLC;512
193.233.248.0/24;TrafficTransitSolution LLC;256
193.233.249.0/24;TrafficTransitSolution LLC;256
193.233.250.0/24;TrafficTransitSolution LLC;256
193.233.251.0/24;TrafficTransitSolution LLC;256
193.31.126.0/24;FINE GROUP SERVERS SOLUTIONS LLC;256
194.104.10.0/24;TrafficTransitSolution LLC;256
194.104.11.0/24;TrafficTransitSolution LLC;256
194.104.128.0/24;Alaxona Internet Inc.;256
194.233.97.0/24;Packethub S.A.;256
194.26.129.0/24;Alaxona Internet Inc.;256
194.87.112.0/24;LLC Baxet;256
194.87.113.0/24;LLC Baxet;256
194.87.116.0/24;LLC Baxet;256
194.87.117.0/24;LLC Baxet;256
194.99.24.0/24;FINE GROUP SERVERS SOLUTIONS LLC;256
194.99.26.0/24;FINE GROUP SERVERS SOLUTIONS LLC;256
195.133.24.0/24;LLC Baxet;256
195.133.57.0/24;LLC Baxet;256
212.115.51.0/24;TrafficTransitSolution LLC;256
212.192.24.0/24;LLC Baxet;256
212.192.25.0/24;LLC Baxet;256
212.192.26.0/24;LLC Baxet;256
103.15.193.0/24;UDomain Web Hosting Company Ltd;256
138.199.0.0/24;Datacamp Limited;256
138.199.1.0/24;Datacamp Limited;256
138.199.12.0/24;Datacamp Limited;256
138.199.14.0/23;Datacamp Limited;512
138.199.17.0/24;Datacamp Limited;256
138.199.20.0/24;Datacamp Limited;256
138.199.2.0/23;Datacamp Limited;512
138.199.22.0/23;Datacamp Limited;512
138.199.24.0/23;Datacamp Limited;512
138.199.26.0/23;Datacamp Limited;512
138.199.32.0/23;Datacamp Limited;512
138.199.36.0/23;Datacamp Limited;512
138.199.40.0/23;Datacamp Limited;512
138.199.4.0/23;Datacamp Limited;512
138.199.44.0/23;Datacamp Limited;512
138.199.46.0/24;Datacamp Limited;256
138.199.51.0/24;Datacamp Limited;256
138.199.53.0/24;Datacamp Limited;256
138.199.57.0/24;Datacamp Limited;256
138.199.8.0/23;Datacamp Limited;512
143.244.32.0/24;Datacamp Limited;256
143.244.33.0/24;Datacamp Limited;256
143.244.35.0/24;Datacamp Limited;256
143.244.36.0/22;Datacamp Limited;1024
143.244.40.0/24;Datacamp Limited;256
143.244.42.0/24;Datacamp Limited;256
143.244.43.0/24;Datacamp Limited;256
143.244.45.0/24;Datacamp Limited;256
143.244.48.0/22;Datacamp Limited;1024
143.244.56.0/23;Datacamp Limited;512
143.244.58.0/23;Datacamp Limited;512
143.244.60.0/23;Datacamp Limited;512
143.244.62.0/23;Datacamp Limited;512
143.244.63.0/24;Datacamp Limited;256
156.146.32.0/24;Datacamp Limited;256
156.146.33.0/24;Datacamp Limited;256
156.146.34.0/23;Datacamp Limited;512
156.146.36.0/24;Datacamp Limited;256
156.146.38.0/24;Datacamp Limited;256
156.146.40.0/24;Datacamp Limited;256
156.146.42.0/23;Datacamp Limited;512
156.146.44.0/24;Datacamp Limited;256
156.146.49.0/24;Datacamp Limited;256
156.146.53.0/24;Datacamp Limited;256
156.146.56.0/24;Datacamp Limited;256
156.146.58.0/23;Datacamp Limited;512
156.146.61.0/24;Datacamp Limited;256
159.242.228.0/24;PRCDN Consumer Pool;256
159.242.232.0/23;PRCDN Consumer Pool;512
178.249.208.0/24;Hostuj to s.r.o.;256
178.249.210.0/24;Hostuj to s.r.o.;256
185.102.216.0/24;Datacamp Limited;256
185.102.217.0/24;Datadelivery s.r.o.;256
185.102.218.0/24;CDN77.com Amsterdam (Netherlands) POP;256
185.102.219.0/24;CDN77.com Frankfurt (Germany) POP;256
185.152.64.0/23;Datacamp Limited;512
185.152.66.0/24;ATL II. IPv4 route;256
185.152.67.0/24;Datacamp Limited;256
185.156.44.0/24;Datacamp Limited;256
185.156.45.0/24;Datacamp Limited;256
185.156.47.0/24;Datacamp Limited;256
185.180.12.0/24;CDN77 - VIE POP;256
185.180.13.0/24;DataPeer s.r.o.;256
185.180.14.0/23;DataPeer s.r.o.;512
185.203.85.0/24;Navmatix s.r.o.;256
185.229.188.0/23;CDN77 c0r3;512
185.229.190.0/23;CDN77 AMS IPv4 x;512
185.238.216.0/24;Hotsplots GmbH;256
185.24.10.0/24;Hostuj to s.r.o.;256
185.24.11.0/24;Hostuj to s.r.o.;256
185.246.208.0/24;CDN77.com Warsaw (Poland) POP;256
185.246.209.0/24;CDN77.com Chicago (US) POP;256
185.246.210.0/24;Datacamp Limited;256
185.246.211.0/24;CDN77.com Paris (FR) POP;256
185.24.8.0/24;Hostuj to s.r.o.;256
185.24.9.0/24;Hostuj to s.r.o.;256
185.253.108.0/24;Lolo Company AB;256
185.59.220.0/24;CDN77.com Frankfurt(Germany) POP;256
185.59.221.0/24;CDN77.com London (United Kingdom) POP;256
185.59.222.0/24;CDN77.com Amsterdam (Netherlands) POP;256
185.59.223.0/24;Datacamp Limited;256
185.76.10.0/24;CDN77.com Amsterdam (Netherlands) POP;256
185.76.11.0/24;SH.cz s.r.o.;256
185.76.8.0/24;SH.cz s.r.o.;256
185.76.9.0/24;CDN77.com Stockholm (Sweden) POP;256
185.93.0.0/24;CDN77.com;256
185.93.1.0/24;CDN77.com;256
185.93.2.0/24;CDN77.com;256
185.93.3.0/24;CDN77.com;256
193.235.32.0/24;Lolo Company AB;256
195.181.160.0/23;CDN77-PRG;512
195.181.162.0/23;Datacamp Limited;512
195.181.164.0/23;Datacamp Limited;512
195.181.166.0/24;CDN77.com Stockholm (Sweden) POP-2;256
195.181.167.0/24;CDN77.com;256
195.181.168.0/23;Datacamp Limited;512
195.181.170.0/24;Datacamp Limited;256
195.181.171.0/24;Datacamp Limited;256
195.181.172.0/23;Datacamp Limited;512
102.129.129.0/24;Digital Energy Technologies Limited;256
102.129.192.0/23;Rainbow Network Limited;512
102.129.206.0/23;Rainbow Network Limited;512
103.102.160.0/24;YardVPS Group LLC;256
103.102.161.0/24;YardVPS Group LLC;256
103.102.162.0/24;YardVPS Group LLC;256
103.102.163.0/24;YardVPS Group LLC;256
103.126.136.0/24;Psychz Networks;256
103.126.137.0/24;Psychz Networks;256
103.126.138.0/24;Psychz Networks;256
103.126.139.0/24;Psychz Networks;256
103.151.176.0/24;Group8 Cyber Pte Ltd;256
103.160.101.0/24;DURABLE-AP2;256
103.172.27.0/24;Flame Networks Private Limited;256
103.207.40.0/24;scalebuzz solutions pvt ltd;256
103.207.41.0/24;scalebuzz solutions pvt ltd;256
103.207.42.0/24;scalebuzz solutions pvt ltd;256
103.207.43.0/24;scalebuzz solutions pvt ltd;256
103.209.76.0/24;Kill Ping;256
103.231.184.0/24;Guangzhou fire billion network technology Co., Ltd.;256
103.28.68.0/24;Sham Wow;256
103.46.141.0/24;GZ Systems Limited Japan Operations;256
103.59.108.0/23;Psychz Networks;512
103.59.110.0/23;Psychz Networks;512
103.78.120.0/24;Photonvps Holding LLC;256
103.78.121.0/24;Photonvps Holding LLC;256
103.78.122.0/24;Photonvps Holding LLC;256
103.78.123.0/24;Photonvps Holding LLC;256
103.99.52.0/24;Retro Host LLC;256
104.149.0.0/16;Psychz Networks;65536
104.149.101.0/24;Psychz Networks;256
104.149.110.0/24;Psychz Networks;256
104.149.112.0/24;Psychz Networks;256
104.149.120.0/23;Psychz Networks;512
104.149.134.0/24;Psychz Networks;256
104.149.148.0/24;Psychz Networks;256
104.149.228.0/24;Calvin;256
104.149.232.0/24;Psychz Networks Dallas;256
104.149.238.0/24;Psychz Networks Dallas;256
104.149.239.0/24;Psychz Networks Dallas;256
104.149.40.0/24;PSYCHZ NETWORKS;256
104.149.60.0/24;Psychz Networks;256
104.149.93.0/24;Psychz Networks;256
104.160.231.0/24;Computer Expert Group Inc;256
104.216.0.0/15;Psychz Networks;131072
104.216.0.0/17;Psychz Networks;32768
104.216.0.0/24;Psychz Networks;256
104.216.1.0/24;Psychz Networks;256
104.216.118.0/24;Go Mach 5, LLC;256
104.216.120.0/24;PSYCHZ NETWORKS;256
104.216.14.0/24;Psychz Networks;256
104.216.143.0/24;Psychz Networks;256
104.216.144.0/24;Psychz Networks;256
104.216.181.0/24;Psychz Networks;256
104.216.182.0/24;Psychz Networks;256
104.216.197.0/24;Psychz Networks;256
104.216.200.0/24;Psychz Networks;256
104.216.202.0/24;Psychz Networks;256
104.216.213.0/24;Psychz Networks;256
104.216.214.0/24;Psychz Networks;256
104.216.216.0/24;Psychz Networks;256
104.216.222.0/24;Psychz Networks;256
104.216.228.0/24;Psychz Networks;256
104.216.240.0/24;Psychz Networks;256
104.216.247.0/24;Psychz Networks;256
104.216.250.0/24;Psychz Networks;256
104.216.251.0/24;Psychz Networks;256
104.216.252.0/24;Psychz Networks;256
104.216.36.0/24;Psychz Networks;256
104.216.37.0/24;Psychz Networks;256
104.217.103.0/24;Psychz Networks;256
104.217.191.0/24;Psychz Networks;256
104.217.196.0/24;Psychz Networks;256
104.217.248.0/21;Psychz Networks Dallas;2048
104.217.250.0/24;Psychz Networks Dallas;256
104.225.208.0/24;NixiHost.com Incorporated;256
104.238.249.0/24;My Hosting 365;256
104.243.249.0/24;VOXILITY-AM;256
104.244.152.0/24;Owned-Networks;256
104.244.153.0/24;Owned-Networks;256
104.244.154.0/24;Owned-Networks;256
104.244.155.0/24;Owned-Networks;256
104.244.157.0/24;Owned-Networks;256
104.250.115.0/24;DigitalFyre Internet Solutions, LLC.;256
104.250.116.0/24;CLDR.eu;256
104.250.127.0/24;CLDR.eu;256
104.254.56.0/24;SophieAD;256
104.254.63.0/24;Owned-Networks;256
107.160.0.0/16;Psychz Networks;65536
107.160.125.0/24;Manak Technopark Pvt. Ltd.;256
107.160.169.0/24;Psychz Networks;256
107.160.222.0/24;Psychz Networks;256
107.160.226.0/24;Psychz Networks;256
107.160.73.0/24;Psychz Networks;256
107.161.174.0/24;SYN LTD;256
107.161.175.0/24;SYN LTD;256
107.181.133.0/24;SYN LTD;256
107.181.135.0/24;SYN LTD;256
108.171.240.0/20;Psychz Networks;4096
110.44.6.0/24;HostCircle IT Solutions PVT LTD;256
103.253.144.0/22;Digital Ocean, Inc.;1024
104.131.0.0/18;DigitalOcean, LLC;16384
104.131.128.0/20;DigitalOcean, LLC;4096
104.131.144.0/20;DigitalOcean, LLC;4096
104.131.160.0/20;DigitalOcean, LLC;4096
104.131.176.0/20;DigitalOcean, LLC;4096
104.131.192.0/19;DigitalOcean, LLC;8192
104.131.224.0/19;DigitalOcean, LLC;8192
104.131.64.0/18;DigitalOcean, LLC;16384
104.236.0.0/18;DigitalOcean, LLC;16384
104.236.128.0/18;DigitalOcean, LLC;16384
104.236.192.0/18;DigitalOcean, LLC;16384
104.236.64.0/18;DigitalOcean, LLC;16384
104.248.0.0/20;DigitalOcean, LLC;4096
104.248.100.0/22;DigitalOcean, LLC;1024
104.248.104.0/22;DigitalOcean, LLC;1024
104.248.108.0/22;DigitalOcean, LLC;1024
104.248.112.0/20;DigitalOcean, LLC;4096
104.248.128.0/20;DigitalOcean, LLC;4096
104.248.144.0/20;DigitalOcean, LLC;4096
104.248.160.0/20;DigitalOcean, LLC;4096
104.248.16.0/20;DigitalOcean, LLC;4096
104.248.176.0/20;DigitalOcean, LLC;4096
104.248.192.0/20;DigitalOcean, LLC;4096
104.248.208.0/20;DigitalOcean, LLC;4096
104.248.224.0/20;DigitalOcean, LLC;4096
104.248.240.0/20;DigitalOcean, LLC;4096
104.248.32.0/20;DigitalOcean, LLC;4096
104.248.48.0/20;DigitalOcean, LLC;4096
104.248.64.0/20;DigitalOcean, LLC;4096
104.248.80.0/20;DigitalOcean, LLC;4096
104.248.96.0/22;DigitalOcean, LLC;1024
107.170.0.0/17;DigitalOcean, LLC;32768
107.170.128.0/19;DigitalOcean, LLC;8192
107.170.160.0/19;DigitalOcean, LLC;8192
107.170.192.0/18;DigitalOcean, LLC;16384
128.199.0.0/20;DigitalOcean, LLC;4096
128.199.128.0/18;DigitalOcean, LLC;16384
128.199.16.0/20;DigitalOcean, LLC;4096
128.199.192.0/18;DigitalOcean, LLC;16384
128.199.32.0/19;DigitalOcean, LLC;8192
128.199.64.0/18;DigitalOcean, LLC;16384
134.122.0.0/20;DigitalOcean, LLC;4096
134.122.112.0/20;DigitalOcean, LLC;4096
134.122.16.0/20;DigitalOcean, LLC;4096
134.122.32.0/20;DigitalOcean, LLC;4096
134.122.48.0/20;DigitalOcean, LLC;4096
134.122.64.0/20;DigitalOcean, LLC;4096
134.122.80.0/20;DigitalOcean, LLC;4096
134.122.96.0/20;DigitalOcean, LLC;4096
134.209.0.0/20;DigitalOcean, LLC;4096
134.209.112.0/20;DigitalOcean, LLC;4096
134.209.128.0/22;DigitalOcean, LLC;1024
134.209.132.0/22;DigitalOcean, LLC;1024
134.209.136.0/22;DigitalOcean, LLC;1024
134.209.140.0/22;DigitalOcean, LLC;1024
134.209.144.0/20;DigitalOcean, LLC;4096
134.209.160.0/20;DigitalOcean, LLC;4096
134.209.16.0/20;DigitalOcean, LLC;4096
134.209.176.0/20;DigitalOcean, LLC;4096
134.209.192.0/20;DigitalOcean, LLC;4096
134.209.208.0/20;DigitalOcean, LLC;4096
134.209.224.0/20;DigitalOcean, LLC;4096
134.209.240.0/20;DigitalOcean, LLC;4096
134.209.32.0/20;DigitalOcean, LLC;4096
134.209.48.0/20;DigitalOcean, LLC;4096
134.209.64.0/20;DigitalOcean, LLC;4096
134.209.80.0/20;DigitalOcean, LLC;4096
134.209.96.0/20;DigitalOcean, LLC;4096
137.184.0.0/20;DigitalOcean, LLC;4096
137.184.112.0/20;DigitalOcean, LLC;4096
137.184.128.0/20;DigitalOcean, LLC;4096
137.184.144.0/20;DigitalOcean, LLC;4096
137.184.160.0/20;DigitalOcean, LLC;4096
137.184.16.0/20;DigitalOcean, LLC;4096
137.184.176.0/20;DigitalOcean, LLC;4096
137.184.192.0/20;DigitalOcean, LLC;4096
137.184.208.0/20;DigitalOcean, LLC;4096
137.184.224.0/20;DigitalOcean, LLC;4096
137.184.240.0/22;DigitalOcean, LLC;1024
137.184.244.0/22;DigitalOcean, LLC;1024
137.184.248.0/22;DigitalOcean, LLC;1024
137.184.253.0/24;DigitalOcean, LLC;256
137.184.254.0/24;DigitalOcean, LLC;256
137.184.255.0/24;DigitalOcean, LLC;256
137.184.32.0/20;DigitalOcean, LLC;4096
137.184.48.0/20;DigitalOcean, LLC;4096
137.184.64.0/20;DigitalOcean, LLC;4096
137.184.80.0/20;DigitalOcean, LLC;4096
137.184.96.0/20;DigitalOcean, LLC;4096
138.197.0.0/20;DigitalOcean, LLC;4096
138.197.112.0/20;DigitalOcean, LLC;4096
138.197.128.0/20;DigitalOcean, LLC;4096
138.197.144.0/20;DigitalOcean, LLC;4096
138.197.160.0/20;DigitalOcean, LLC;4096
138.197.16.0/20;DigitalOcean, LLC;4096
138.197.176.0/20;DigitalOcean, LLC;4096
138.197.192.0/20;DigitalOcean, LLC;4096
138.197.208.0/20;DigitalOcean, LLC;4096
138.197.224.0/22;DigitalOcean, LLC;1024
103.139.48.0/24;RapidSeedbox Ltd;256
103.139.49.0/24;RapidSeedbox Ltd;256
103.139.51.0/24;RapidSeedbox Ltd;256
103.229.28.0/24;RapidSeedbox Ltd;256
103.229.29.0/24;VN RAPIDSEEDBOX 20160826;256
103.229.30.0/24;RapidSeedbox Ltd;256
103.229.31.0/24;US RAPIDSEEDBOX 20160826;256
103.49.40.0/24;DSP;256
103.74.76.0/24;US RAPIDSEEDBOX 20160826;256
103.74.77.0/24;RapidSeedbox Ltd;256
103.74.78.0/24;RapidSeedbox Ltd;256
103.74.79.0/24;RapidSeedbox Ltd;256
109.70.10.0/23;Hosting Infrastructure 03;512
109.70.12.0/22;Hosting Infrastructure;1024
109.70.9.0/24;Hosting Infrastructure 03;256
141.193.20.0/24;RapidSeedbox Ltd;256
145.255.128.0/21;Copernica BV;2048
154.16.160.0/24;Digital Energy Technologies Limited;256
154.16.183.0/24;SmartHost, LLC;256
154.6.146.0/24;Cogent communications - IPENG;256
159.255.192.0/22;Saima Sistemas SL;1024
162.221.63.0/24;2checkout.com;256
176.96.140.0/24;RapidSeedbox Ltd;256
176.96.141.0/24;RapidSeedbox Ltd;256
176.96.142.0/24;RapidSeedbox Ltd;256
176.96.143.0/24;RapidSeedbox Ltd;256
178.162.128.0/18;LeaseWeb Netherlands B.V.;16384
178.162.176.0/20;LeaseWeb Netherlands B.V.;4096
178.18.16.0/24;LeaseWeb;256
178.18.20.0/22;GLOBAL-CLOUD-SOLUTIONS;1024
178.18.24.0/23;GLOBAL-CLOUD-SOLUTIONS;512
178.18.27.0/24;FiberMax Networks BV;256
178.18.30.0/24;FiberMax Networks BV;256
178.18.31.0/24;FiberMax Networks BV;256
178.250.16.0/24;suXus B.V.;256
178.250.18.0/24;suXus B.V.;256
185.100.132.0/24;SynEdge Luxembourg S.A.;256
185.108.84.0/23;Ardis.ru;512
185.108.85.0/24;Ardis LLC;256
185.113.88.0/22;JENT Internet Solutions;1024
185.122.168.0/22;RapidSeedbox Ltd;1024
185.122.168.0/24;RapidSeedbox Ltd;256
185.123.60.0/24;STH Automatisering BV;256
185.126.64.0/24;RapidSeedbox Ltd;256
185.126.65.0/24;RapidSeedbox Ltd;256
185.126.66.0/24;RapidSeedbox Ltd;256
185.129.121.0/24;DEL Systems d.o.o;256
185.131.24.0/22;Copernica BV;1024
185.140.164.0/22;EUCLID SERVICES LIMITED;1024
185.155.200.0/22;RapidSeedbox Ltd;1024
185.155.52.0/24;Northfield IT Limited;256
185.164.56.0/24;RapidSeedbox Ltd;256
185.164.57.0/24;RapidSeedbox Ltd;256
185.164.58.0/24;RapidSeedbox Ltd;256
185.168.248.0/22;RapidSeedbox Ltd;1024
185.170.43.0/24;Cyber Assets FZCO;256
185.17.184.0/22;LeaseWeb Netherlands B.V.;1024
185.181.8.0/24;Global Cloud Infrastructure Company Limited;256
185.192.0.0/22;RapidSeedbox Ltd;1024
185.194.30.0/24;Internet Colocation Limited;256
185.203.249.0/24;Bluematrix Research LTD;256
185.211.154.0/24;FiberMax Networks BV;256
185.211.155.0/24;FiberMax Networks BV;256
185.214.72.0/24;RapidSeedbox Ltd;256
185.214.74.0/24;RapidSeedbox Ltd;256
185.214.75.0/24;RapidSeedbox Ltd;256
185.223.152.0/24;Invermae Solutions SL;256
185.227.110.0/24;Global Cloud Infrastructure Company Limited;256
185.24.172.0/23;PEAKFACTORY;512
185.24.174.0/24;Addional net;256
185.24.175.0/24;Addional net;256
185.242.244.0/24;RapidSeedbox Ltd;256
185.242.245.0/24;RapidSeedbox Ltd;256
185.242.246.0/24;RapidSeedbox Ltd;256
185.242.247.0/24;RapidSeedbox Ltd;256
185.24.240.0/24;suXus BV;256
185.244.95.0/24;Josip Sabolek;256
185.247.117.0/24;Global Cloud Infrastructure Company Limited;256
185.28.68.0/24;LeaseWeb CDN B.V.;256
185.30.232.0/24;RapidSeedbox Ltd;256
185.34.68.0/22;AlexoMedia Ltd.;1024
185.38.185.0/24;Montenegro ams;256
185.38.187.0/24;Montenegro ams;256
185.44.22.0/23;GIMASI SA;512
185.46.180.0/23;AFAS Software BV;512
185.46.182.0/24;AFAS Software BV;256
185.46.183.0/24;AFAS Software BV;256
185.46.232.0/24;ON2IT B.V.;256
185.51.192.0/24;Panq B.V.;256
185.60.164.0/24;LeGuide.com S.A.;256
185.67.4.0/22;Centralpoint Holding B.V.;1024
185.67.6.0/23;Central Point vCloud vDC;512
185.71.60.0/22;Cobytes B.V.;1024
185.73.32.0/23;Innerheight Internet Diensten B.V.;512
185.73.34.0/24;Innerheight Internet Diensten B.V.;256
185.9.52.0/24;RapidSeedbox Ltd;256
185.96.140.0/24;Axians-Security-DC;256
185.99.96.0/24;RapidSeedbox Ltd;256
185.99.97.0/24;Free;256
190.105.193.0/24;Conet N.V.;256
